person_age,person_income,person_home_ownership,person_emp_length,loan_intent,loan_grade,loan_amnt,loan_int_rate,loan_status,loan_percent_income,cb_person_default_on_file,cb_person_cred_hist_length,risk_analyst_eval,industry_specialist_eval,legal_advisor_eval
22,59000,RENT,123.0,PERSONAL,D,35000,16.02,1,0.59,Y,3,"以下是我对此贷款申请人的风险分析：

1. 信用记录：申请人的信贷评分等级为D，这显示出他的信用记录并不理想。此外，他还有违约记录，这进一步增加了信用风险。

2. 收入来源：申请人的年收入为59000元，可能来源于稳定的工作，因为他的工作年限已经有123个月，这一点对他的信用风险有所降低。

3. 还款能力：贷款金额为35000元，收入为59000元，贷款金额占收入的比例为0.59，加上16.02%的利率，显示出申请人的还款压力较大，可能影响其还款能力。

4. 负债水平：申请人的住房情况为租赁，这可能意味着他还没有足够的资产进行抵押，可能会增加贷款的风险。

5. 年龄和信用历史时长：申请人年龄22岁，信用历史时长为3年，相对较短，这可能意味着他在处理财务问题上的经验不足，也可能增加违约风险。

综上所述，虽然申请人有稳定的收入来源和较长的工作年限，但因信用记录差、贷款金额占收入比例高、负债水平较高以及信用历史时长较短等因素，我会给出的风险评级是“高风险”。","根据上述贷款申请人的信息，我发现以下问题：

1）关键信息是否缺失：申请人的收入来源没有明确说明，我无法确认他的收入是否稳定。同时，也没有提供申请人的负债情况，这对于评估他的偿付能力非常关键。经营时间在这种个人贷款的情况下可能不适用，但如果申请人有自营业务，那么这是一个重要的考虑因素。

2）描述是否含糊、逻辑是否清晰：大部分描述相对清晰，但""是否有违约记录：Y""这一点需要更多的细节，例如违约次数、违约金额等。

3）是否存在自相矛盾或难以判断的表述：没有发现自相矛盾的地方，但是年龄和工作年限（123个月，即10年以上）之间存在一定的合理性问题。

需要补充的信息包括申请人的收入来源、负债情况以及违约记录的详细信息。","这个案例中没有提供足够的信息来评估借款人的个人责任感、诚信程度和目标规划。然而，我们可以根据现有信息进行一些初步的分析。

首先，从借款人的年龄来看，22岁是一个相对年轻的年龄，可能没有足够的生活和工作经验来管理好自己的财务。然而，他的工作年限为123.0月，这似乎是不符合实际的，因为这意味着他从未成年就开始工作。这可能是数据错误，也可能是借款人在填写信息时有意夸大其词。这可能反映出他的诚信程度有待商榷。

其次，借款人的年收入为59000元，贷款金额为35000元，贷款金额占收入比例为0.59。这意味着他需要用差不多一半的年收入来偿还贷款。这可能给他带来一定的经济压力，影响他的还款意愿。

再次，他的信贷评分等级为D，这通常意味着他的信用不佳。而且，他有违约记录，这进一步减弱了我们对他还款意愿的信心。

最后，他的借款用途是个人，但没有具体说明是什么个人用途。如果是用于购买奢侈品或进行投机取巧的活动，那么他的还款意愿可能会受到影响。

综上所述，我们可以看出借款人可能存在的逃避动机，包括信用不佳、有违约记录、高贷款金额占收入比例等。因此，我会给出“可疑态度”的评价。但是"
21,9600,OWN,5.0,EDUCATION,B,1000,11.14,0,0.1,N,2,"以下是对贷款申请人的风险分析：

1. 信用记录：贷款申请人信用评分等级为B，表示他的信用记录良好，没有违约记录。这是一个正面的因素。

2. 收入来源：贷款申请人的年收入为9600元，相比于贷款金额1000元，收入相对较高，有稳定的收入来源，可以支持贷款的还款。

3. 还款能力：贷款申请人的贷款金额占收入比例为0.1，较低，这表示他的还款压力较小，有较强的还款能力。

4. 负债水平：贷款申请人目前的负债水平未知，但从他的收入和贷款金额来看，其负债水平应该较低。

5. 年龄和工作年限：贷款申请人年龄只有21岁，工作年限只有5个月，这可能意味着他的经济状况和工作稳定性相对较差，增加了风险。

6. 借款用途：贷款申请人的借款用途是教育，这是一个正面的因素，因为教育投资通常会带来长期的收益，提高还款能力。

7. 利率：贷款利率为11.14%，相对较高，增加了贷款申请人的还款压力。

据以上分析，尽管贷款申请人的年龄和工作年限较短，可能影响到他的经济稳定性，但他的信用记录良好，收入稳定，还款能力强，贷款金额占收入比例低。因此，总体来","根据以上提供的信息，以下是我作为一名审核专员发现的问题：

1. 关键信息缺失：贷款申请人的收入来源没有被明确指出。这是一个重要信息，因为它可以帮助我们了解贷款申请人的经济状况和能力以及偿还贷款的可能性。此外，贷款申请人的负债情况也没有被明确提出，因此我们无法准确地评估他的偿付能力。

2. 描述是否含糊，逻辑是否清晰：描述在大部分情况下都是清晰的，没有含糊的地方。然而，提供的贷款金额和年收入信息有一些不清晰。年收入为9600元，贷款金额却为1000元，贷款金额占收入比例为0.1。这引发了混淆，因为按照这个比例，贷款金额应该是年收入的10%，即960元，而不是1000元。

3. 是否存在自相矛盾或难以判断的表述：年龄和工作年限之间存在可能的矛盾。贷款申请人的年龄为21岁，但工作年限为5个月。这意味着他在16岁以下就开始工作了，这在许多地方可能不被允许。这可能是一个错误，需要进一步调查。

需要补充的信息：贷款申请人的收入来源，负债情况，以及可能的校正年龄和工作年限的信息。","从以下几个方面进行分析：

1. 主观动机：借款人的贷款用途是教育，这显示出一个积极的目标，意味着他有计划提升自己，投资自己的未来，这是一个积极的还款意愿的信号。

2. 个人责任感：借款人年龄21岁，工作经验尚浅（只有5个月），但已有2年的信用历史，且没有违约记录，这显示出他对个人信用责任的重视。

3. 诚信程度：借款人的信贷评分等级为B，这是一个相对较高的评分，表明他在过去的借贷行为中有较好的信用表现。

4. 目标规划：借款金额占收入比例仅为0.1，这是一个合理的比例，表明借款人对自身经济状况有清晰认识，借款金额在其可承受范围内。

综合上述分析，从主观动机、个人责任感、诚信程度、目标规划等方面来看，借款人具有积极的还款意愿。总结判断为“明确意愿”。"
25,9600,MORTGAGE,1.0,MEDICAL,C,5500,12.87,1,0.57,N,3,"以下是我的风险分析：

1. 信用记录：借款人的信贷评分等级为 C 级，这在一些信贷评分系统中被视为较高的信用风险。此外，他的信用历史时长只有 3 年，相对较短，这可能暗示他在信用活动方面的经验不足。然而，他目前没有违约记录，这是一个积极的信号。

2. 收入来源：借款人的年收入为 9600 元，这是一个相对低的收入水平。此外，他的工作年限只有 1.0 个月，这可能表明他的收入来源并不稳定。

3. 还款能力：借款人的借款金额为 5500 元，其贷款金额占收入比例为 0.57，这是一个相对较高的比例，表明还款压力可能较大。此外，他的贷款利率为 12.87%，这可能会增加他的还款负担。

4. 负债水平：借款人的住房情况为抵押，这可能表明他有其他的负债。

5. 借款用途：借款人的借款用途为医疗，这可能表明他面临一些突发的费用，可能会影响他的还款能力。

总体评价，考虑到借款人的信用评分等级、收入来源、还款能力、负债水平和借款用途，我会将这个贷款申请评级为高风险。","根据所提供的贷款申请人基本信息，我发现以下几个问题：

1）关键信息缺失：收入来源和负债情况都没有明确说明。收入来源是判断借款人偿还能力的关键，这可以保证他有稳定的收入流入；负债情况可以帮助我们了解他的当前财务状况，以及能否承担更多的贷款。

2）描述含糊：住房情况只提到""MORTGAGE""，没有具体说明是自住房产还是投资性质的房产，这将影响我们对他偿还能力的评估。

3）逻辑不清晰：年收入为9600元，贷款金额为5500元，贷款金额占收入比例为0.57。这里的计算逻辑有问题，如果贷款金额占收入的比例为0.57，那么贷款金额应该是年收入的57%，即5472元，而不是5500元。

需要补充的信息：

1）收入来源：是工资还是其他，如果是工资，那么应该提供工作的具体情况，如工作单位、职位等；如果是其他，如租金、投资等，需要提供详细的信息。

2）负债情况：包括信用卡、其他贷款、抵押贷款等的负债信息，这可以帮助我们了解他的财务状况。

3）住房情况：是自住还是投资，如果是投资，那么需要提供投资的详细情况，如房产的价值、租金收入等。

4）工作年限的详细信息：工作年限为1.0月，这是否意味着他只在当前的工","首先，这位贷款申请人的年龄和工作年限相对较低，这可能影响他的经济稳定性和偿债能力。但是他的借款用途是医疗，这可能表明他的借款需求是紧急和必要的，这是一个积极的还款动机。

其次，他的年收入是9600元，贷款金额是5500元，占收入的比例超过一半，对他的经济压力较大。但是他的住房情况是有抵押，说明他有一定的资产，可以作为偿还贷款的保障。

此外，他的信贷评分等级是C，这可能说明他的信用记录并不是很好，但是他没有违约记录，这可能表明他的诚信度较高，有还款的责任感。

综合考虑，虽然这位贷款申请人的经济状况并不稳定，但他的贷款需求是必要的，且他有一定的资产和较高的诚信度，因此，我认为他具有明确的还款意愿。"
23,65500,RENT,4.0,MEDICAL,C,35000,15.23,1,0.53,N,2,"1. 信用记录：借款人信贷评分等级为C，这属于中等信用等级，说明借款人过去的信用行为并不十分良好。同时，借款人信用历史时长为2年，时间较短，无法充分评估其长期信用行为。但是他没有违约记录，这是一个积极的信号。

2. 收入来源和还款能力：年收入65500元，工作年限仅为4个月，工作稳定性有待考察。如果借款人在短期内失业，可能会影响其还款能力。

3. 负债水平：借款金额为35000元，贷款金额占收入比例为0.53，这意味着借款人需要用其一半以上的年收入来偿还债务，这是一个相对高的负债比例，可能会对其还款能力产生压力。

4. 借款用途：借款用途为MEDICAL，说明借款人可能存在健康问题，这可能会对其工作和收入产生影响，从而影响其还款能力。

5. 利率：贷款利率为15.23%，这是一个相对较高的利率，将增加借款人的债务负担。

综上所述，虽然借款人没有违约记录，但其信用等级中等，贷款金额占收入比例较高，贷款利率较高，工作年限短，且可能存在健康问题。因此，该借款人存在一定的信用风险。

总体风险评级：高风险。","根据提供的信息，存在以下问题：

1）关键信息缺失：贷款申请人的收入来源没有明确说明。收入来源对于判断借款人的还款能力有很大影响。此外，借款人的负债情况也未提供，这是评估借款人偿还能力的重要因素。

2）描述含糊、逻辑不清晰：贷款申请人的工作年限只有4.0个月，而信用历史时长为2年。一般来说，信用历史时长应该与工作年限相匹配或者工作年限更长，这里出现了不一致的情况。

3）自相矛盾或难以判断的表述：没有出现自相矛盾的表述，但由于缺乏收入来源和负债情况的信息，使得对借款人的还款能力评估难以判断。

需要补充的信息：
- 收入来源：借款人的收入来源是什么？是工资、投资收入、租金收入还是其他？
- 负债情况：借款人目前是否有其他的负债？例如信用卡债务、房贷、汽车贷款等。
- 工作情况：借款人的工作稳定性如何？具体从事什么工作？是全职还是兼职？
- 对于工作年限和信用历史时长的不符情况需要进一步解释或证明。","分析：

1.主观动机：借款用途是医疗，这可能表示借款人面临紧急的医疗费用需求，这是一个合理且急迫的借款理由，一般来说，借款人会有较强的还款意愿。

2.个人责任感：此人年收入为65500元，贷款金额为35000元，贷款金额占收入比例为0.53，这意味着他需要用一大部分的年收入来偿还贷款。这可能对还款压力造成一定的增加，但也可能激发他的责任感。

3.诚信程度：借款人的信贷评分等级为C，这显示他的信用状况一般，但没有违约记录，表明他过去的还款记录良好。这在某种程度上显示了他的诚信度。

4.目标规划：借款人的工作年限只有4个月，信用历史时长为2年，年龄只有23岁，这可能意味着他的人生规划和财务规划能力尚处于成长阶段，这可能会影响他的还款计划和能力。

综合以上因素，我认为借款人表现出的还款意愿是明确的。但是，由于其年收入与贷款金额的比例较高，且工作年限较短，信用评分等级一般，所以需要关注他的还款能力，并确保他有健全的还款计划。"
24,54400,RENT,8.0,MEDICAL,C,35000,14.27,1,0.55,Y,4,"以下是对该贷款申请人的风险分析：

1. 年龄：24岁，年轻，属于一般风险水平，年轻人的工作、生活稳定性相对较低。

2. 年收入：54400元，较低的收入水平可能影响还款能力。

3. 住房情况：租赁，可能存在租金支出，也可能影响其还款能力。

4. 工作年限：只有8个月，工作稳定性不足，如果失业可能影响还款能力。

5. 借款用途：医疗，一般来说，医疗用途的贷款违约率较高。

6. 信贷评分等级：C，信贷评分等级较低，表明其信用历史较差。

7. 贷款金额：35000元，大约是其年收入的0.55倍，贷款金额相对收入较高，还款压力较大。

8. 利率：14.27%，相对较高的利率，还款压力更大。

9. 是否有违约记录：有违约记录，说明过去的信用表现不佳，可能存在较高的违约风险。

10. 信用历史时长：4年，信用历史较短，可能无法准确反映其信用状况。

总体风险评级：高风险

该贷款申请人的年龄、工作年限、收入、住房情况、信贷评分、贷款金额与年收入比例、利率、违约记录等多个因素均表明其存在较高的信用风险。","阅读以上贷款申请人的基本信息，存在以下问题：

1）关键信息缺失：贷款申请人的收入来源并未明确，无法判断其收入是否稳定。同时，负债情况也未列出，我们无法评估申请人的还款能力。

2）描述是否含糊、逻辑是否清晰：描述整体清晰，逻辑也较为明确，但“是否有违约记录”一项应具体描述违约的数量和情况，""Y""只是简单表明存在违约，但并未提供具体情况。

3）是否存在自相矛盾或难以判断的表述：申请人年龄24岁，但信用历史时长为4年，这意味着他在20岁时就开始了信用历史，这并不符合一般的信用卡申请年龄要求。

需要补充的信息包括：收入来源的明确说明，如工资、投资收入等；负债情况的具体描述，如其他贷款、信用卡欠款等；违约记录的详细信息，如违约的次数、金额和恢复情况等。同时，还需解释信用历史时长与申请人年龄的矛盾。","从上述的贷款申请信息中，我们无法直接得知借款人的主观动机、个人责任感、诚信程度、目标规划等信息，这些都需要通过更深入的面谈或者更加详细的信贷历史记录来了解。然而，我们可以通过一些表面的信息来进行初步的分析：

1. 主观动机：借款人的借款用途是“MEDICAL”，即医疗，这通常是紧急且必要的开销，借款人可能具有强烈的还款意愿，以避免影响未来的信用及可能的医疗支出。

2. 个人责任感：借款人年龄24岁，工作年限8.0个月，这可能表明这位借款人在承担个人责任方面的经验相对较少。此外，他的贷款金额占收入比例为0.55，这个比例相对较高，可能表明他可能面临偿还贷款的压力。

3. 诚信程度：借款人的信贷评分等级是C，这可能表明他在过去的信贷历史中可能存在一些问题。然而，这需要结合他的具体信用历史进行分析。他的信用历史时长为4年，这个时间相对较短，可能无法全面反映他的诚信程度。而且他有违约记录，这可能表明他在过去可能存在不诚信的行为。

4. 目标规划：从提供的信息中，我们无法得知借款人的目标规划。

总的来看，借款人可能存在积极的还款意愿，但是他的个人责任感、诚信程度和还款能力可能存在问题"
21,9900,OWN,2.0,VENTURE,A,2500,7.14,1,0.25,N,2,"分析逻辑如下：

1. 信用记录：借款人信贷评分等级为A，表示他的信用评分较高，且无违约记录，因此从信用记录角度来看，借款人信用风险较低。
2. 收入来源：根据提供的信息，借款人的年收入为9900元，且有持续的工作，工作年限为2个月。虽然收入并不高，但是有稳定的工作，收入来源是可靠的。
3. 还款能力：借款金额为2500元，相比于其年收入9900元，贷款金额占收入比例为0.25，这意味着他需要使用四分之一的年收入来偿还贷款，这将对其日常生活产生一定压力，但仍然在可接受范围内。同时，利率为7.14%，相对较低，因此，从还款能力角度来看，借款人存在一定的风险，但风险程度不高。
4. 负债水平：根据提供的信息，借款人自有住房，没有住房贷款的压力。贷款金额2500元对于他来说是可承受的。

总体风险评级：低风险

借款人的信用评分较高，没有违约记录，虽然收入较低，但有稳定的工作，贷款金额也在其可负担范围内，因此总体来看，此案例的信用风险较低。","根据所提供的贷款申请人信息，以下是我发现的一些问题：

1）关键信息缺失：贷款申请人的收入来源未明确。我们需要知道他的工作性质和收入稳定性。同时，负债情况也未提及，我们需要知道申请人是否有其它贷款或者财务负担。

2）描述含糊、逻辑不清晰：""工作年限：2.0 月""，这表示申请人仅有两个月的工作经历，这与其信用历史时长（2年）存在明显矛盾，逻辑上不通。

3）自相矛盾或难以判断的表述：年收入9900元，而贷款金额为2500元，贷款金额占收入比例为0.25。这个比例计算有误。根据这些数字，贷款金额占收入的比例应该为2500/9900，即约为0.25，而不是0.25。

需要补充的信息为：
1）贷款申请人的收入来源和负债情况。
2）贷款申请人的工作年限和信用历史时长需要确认，以消除矛盾。
3）需要确认计算的贷款金额占收入比例的准确性。","从这份贷款申请的信息中，我们可以分析出以下几点：

1. 主观动机：借款人的年龄是21岁，工作年限只有2个月，他的借款用途是创业（VENTURE），这说明他有一定的进取心和发展目标，这可以看作是积极的主观动机。

2. 个人责任感：他的信贷评分等级是A，说明过去的信用记录良好，而且没有违约记录，这显示出他在过去的金融行为中表现出了较强的个人责任感。

3. 诚信程度：他的信用历史时长为2年，尽管时间不长，但信贷评分等级和无违约记录显示他在过去的借贷中都能按时偿还，这体现了较高的诚信程度。

4. 目标规划：他的贷款金额占年收入的比例为0.25，较低的比例说明他的贷款计划是合理的，不会过度债务，这显示出他的目标规划有序。

5. 还款能力：他的年收入为9900元，贷款金额为2500元，按照他的收入水平，还款压力并不大，而且贷款利率也只有7.14%，说明他有足够的还款能力。

总结判断：从上述分析来看，这位贷款申请人具有明确的还款意愿。"
26,77100,RENT,8.0,EDUCATION,B,35000,12.42,1,0.45,N,3,"以下是针对申请人的贷款申请的风险分析：

1. 信用记录：信贷评分等级为B，显示申请人有一定的信用记录，且没有违约记录，信用历史时长3年，显示其信用状况相对稳定。

2. 收入来源：申请人年收入为77100元，工作年限为8个月，这暗示其收入来源可能不太稳定。然而，如果其职业稳定性和收入持续性可被证实，那么这个因素的风险就可以被降低。

3. 还款能力：贷款金额为35000元，年利率为12.42%，贷款金额占其年收入的比例为0.45，这显示申请人的还款压力较大。

4. 负债水平：由于缺乏申请人其他负债的信息，这一点无法准确判断。不过，考虑到其贷款金额占收入的比例较高，如果有其他负债，将进一步增加其还款压力。

总结上述分析，申请人的信用记录良好，但是他的贷款金额占年收入比例较高，可能会对其还款能力产生影响。因此，我会将这个贷款申请评级为中风险。需要进一步了解申请人的职业稳定性和其他可能的负债情况，以便进行更准确的风险评估。","阅读完给出的信息后，我发现存在以下几个问题：

1）关键信息缺失：虽然提供了申请人的年收入，但是没有明确他的收入来源，例如他是自雇的还是有固定的工作。此外，他的负债情况也未在文本中明确，如其它贷款、信用卡余额、每月债务支付等。

2）描述是否含糊，逻辑是否清晰：在“住房情况”一栏中，“RENT”并不清楚。我们需要明确其是承租住房还是出租住房。此外，工作年限是8.0个月，但信用历史时长却有3年，这两者之间的关系并不清晰。

3）是否存在自相矛盾或难以判断的表述：没有明显的矛盾表述，但由于缺乏关键信息，有些内容无法准确判断，比如申请人的偿还能力。

需要补充的信息包括：收入来源的具体信息、负债情况（例如其他贷款或信用卡债务）、住房情况的具体描述（是租赁还是出租）、以及工作年限和信用历史时长的更详细解释。","基于提供的信息，以下是我的分析：

主观动机：借款人的贷款用途是教育，这是一个积极的主观动机。教育投资通常意味着借款人对自我提升和未来职业发展有规划，这可能会增加他们的还款意愿。

个人责任感：贷款人只有26岁，工作经验不足一年，可能在经济独立和财务管理方面缺乏经验。然而，他们没有违约记录，信用历史时长为3年，这可能表明他们有一定的个人责任感。

诚信程度：借款人信贷评分等级为B，这意味着他们有相对较好的信贷记录。没有违约记录也增加了他们的诚信程度。

目标规划：借款人的目标是教育投资，这是一种长期规划，可能增加他们的还款意愿。但是，借款金额占收入比例为0.45，这是一个较高的比例，可能会给借款人带来一定的财务压力。

总结判断：虽然借款人还较年轻、工作经验不足，并且贷款金额相对于收入较高，可能会带来一定的还款压力，但他们的信贷评分等级、没有违约记录、以及教育投资的目标都显示出他们可能有明确的还款意愿。因此，我认为借款人具有积极的还款意愿。"
24,78956,RENT,5.0,MEDICAL,B,35000,11.11,1,0.44,N,4,"以下是我对这位贷款申请人的风险评估：

1. 信用记录：借款人的信用评分等级为B，这显示他的信用记录较好。同时，他没有违约记录，这进一步说明他在过去的贷款行为中表现良好。

2. 收入来源：借款人的年收入为78956元，看似稳定，但他的工作年限仅为5个月，这可能意味着他的收入可能不稳定或易受到经济波动的影响。

3. 还款能力：借款人的贷款金额占收入比例为0.44，这是一个较高的比例，可能会对他的还款能力造成压力。同时，他的贷款利率为11.11%，这可能会增加他的还款压力。

4. 负债水平：借款人的贷款金额为35000元，相对于他的年收入来说，这是一个较高的债务负担。

5. 其他因素：借款人的住房情况为租赁，这可能意味着他没有足够的资产来应对突发的财务危机。此外，他的贷款用途为医疗，这可能意味着他可能面临健康问题，可能会影响他的工作和收入。

根据以上分析，我认为这位借款人的信用风险偏高，我会将他的风险评级定为高风险。","根据提供的贷款申请人信息，存在以下问题：

1. 关键信息缺失：申请人的收入来源未明确，我们需要知道他的工作性质和收入稳定性。负债情况也未提供，我们需要知道申请人是否有其他贷款或负债，以及他的偿债能力如何。

2. 描述是否含糊、逻辑是否清晰：工作年限为5.0个月，这是否意味着申请人在当前的工作中只工作了5个月？但他的信用历史时长为4年，这两个数据存在一定的不一致性。需要进一步询问申请人，了解其工作和信用历史的详细情况。

3. 是否存在自相矛盾或难以判断的表述：无此问题。

因此，我们需要补充的信息主要包括：申请人的收入来源和工作性质，负债情况，以及工作年限与信用历史时长的详细解释。","从以上提供的信息来看，以下是我的评估：

1. 主观动机：贷款申请人的借款用途为医疗，这可能表明他/她面临着紧急的健康问题，需要资金来支付。这是一个强大的还款动机，因为如果他/她不按时偿还债务，可能会影响其在未来获得贷款的能力，从而无法应对类似的紧急情况。

2. 个人责任感：贷款申请人年收入为78956元，贷款金额为35000元，贷款金额占收入比例为0.44，这表明他/她有一定的偿还能力。此外，贷款申请人的信贷评分等级为B，说明其过去的信用行为相对良好，可能表明其有责任感。

3. 诚信程度：贷款申请人没有违约记录，信用历史时长为4年，这可能表明他/她有较高的诚信程度。

4. 目标规划：由于贷款申请人的年龄较轻（24岁）和工作年限较短（5.0个月），他/他的长期财务规划可能不够稳定，这可能对他/她的还款意愿产生一定影响。

综合以上因素，我认为贷款申请人具有明确的还款意愿。但考虑到他/她的年龄和工作年限，还应该对他/她的还款能力进行进一步的评估。"
24,83000,RENT,8.0,PERSONAL,A,35000,8.9,1,0.42,N,2,"分析逻辑：

1. 信用记录：信贷评分等级为A，说明借款人在过去的信用历史中表现良好，没有违约记录。从这一点来看，借款人的信用风险较低。

2. 收入来源及稳定性：借款人的年收入为83000元，且工作年限仅为8个月，收入来源可能不够稳定。如果工作不稳定可能会影响他的还款能力。

3. 还款能力：借款人的年收入为83000元，借款金额为35000元，贷款金额占收入比例为0.42，这是一个相对较高的比例，可能会对借款人的还款能力产生压力。

4. 负债水平：贷款金额为35000元，利率为8.9%，借款人需要承担一定的负债。如果贷款人的收入不能有效覆盖贷款的本金和利息，可能存在违约风险。

5. 用途：贷款的用途是个人消费，可能涉及到大额的不可预见支出，这在一定程度上提高了贷款的风险。

总结：虽然借款人的信用评分等级为A，没有违约记录，但是他的工作年限较短，收入来源可能不够稳定，贷款金额占收入比例较高，存在一定的还款压力。因此，总体上看，该借款人的信用风险评级为中风险。","经过阅读和分析，我发现以下问题：

1）关键信息缺失：贷款申请人的负债情况没有明确说明，这是一个重要的判断申请人偿还能力的关键因素。另外，收入来源也没有提供，我们需要知道他的收入是否稳定，是否有持续赚钱的能力。

2）描述含糊、逻辑不清晰：贷款申请人只有 24 岁，但是他的信用历史时长为2年，这有些疑问，因为通常个人的信用历史是从18岁开始计算，所以理论上他的信用历史应该有6年。此外，他的工作年限为8.0个月，这与他的年龄和信用历史时长不符，可能是他在之前的时间里没有工作，或者换了多份工作。

3）自相矛盾或难以判断的表述：他的年收入为83000元，但是他希望借款35000元，贷款金额占收入比例为0.42，这意味着他的年收入的近一半将用于偿还贷款，这可能对他的生活质量造成影响，使得他在偿还贷款的过程中出现困难。

为了更准确地评估贷款申请人的信用风险，我建议需要补充以下信息：

- 贷款申请人的负债情况，包括其余额、月供、负债比例等。
- 收入来源的详细信息，包括工作性质、工资支付方式、是否有其他收入等。
- 对其信用历史时长和工作年限的详细解释，以消除疑惑。
- 对他","根据上述信息，我们可以从以下几个方面进行分析：

1. 主观动机：借款用途为个人用途，但具体用途未明确指出，这使得我们无法判断其借款的主观动机。如果借款用途是为了投资或提升自我，那么借款人可能有较强的还款意愿。但如果用于消费，那么其还款意愿可能会较弱。

2. 个人责任感：借款人年纪轻，工作年限不长，这可能意味着其对个人的经济责任感尚未完全形成。然而，借款人信用历史时长为2年且无违约记录，这表明他在过去的时间里已经表现出对信用的尊重和履行责任的意愘。

3. 诚信程度：信用评分等级为A，这表明借款人有良好的信用记录和按时还款的习惯，反映出其高度的诚信程度。

4. 目标规划：借款金额占收入比例为0.42，这个比例较高，可能表明借款人的财务规划能力有待提高。如果借款人未能有效规划其财务，可能会对其还款能力产生影响。

总结判断：借款人具有良好的信用记录和诚信度，且过去没有违约记录，显示出较高的还款意愿。但由于借款用途不明确，以及财务规划能力有待提高，我们不能完全确定其还款意愿。因此，对于这位借款人的还款意愿，我会给出“意愿不明”的评价。"